,Idade,Frequência de Visitas,Atendimento ao Cliente,Qualidade dos Produtos,Limpeza da Loja,Variedade de Produtos,Preço dos Produtos
Média,40.88,4.9,4.92,5.68,5.42,5.69,5.21
Mediana,41.0,5.0,4.0,6.0,5.0,5.5,5.0
Desvio Padrão,13.990819500766577,2.7247463045653304,2.7179909395497894,3.0347482547481546,3.0852532924847322,2.862840999052966,3.0026755745602296
