,Gastos em Marketing (Google Ads),Gastos em Marketing (Facebook Ads),Gastos em Marketing (Instagram Ads),Visitas ao Site,Vendas,Receita
count,12.0,12.0,12.0,12.0,12.0,12.0
mean,5675.0,3350.0,2208.3333333333335,16583.333333333332,436.6666666666667,87333.33333333333
std,756.9376100145543,375.37859676477416,191.68313499738113,1806.9730255738505,38.690692640087185,7738.138528017437
min,4500.0,2800.0,1900.0,14000.0,380.0,76000.0
25%,5150.0,3075.0,2075.0,15375.0,407.5,81500.0
50%,5600.0,3350.0,2225.0,16250.0,435.0,87000.0
75%,6025.0,3525.0,2325.0,17625.0,462.5,92500.0
max,7000.0,4000.0,2500.0,20000.0,500.0,100000.0
